Job title,Company name,Office location
23新卒採用　データアナリスト・データサイエンティストとしてクライアントデータ分析,株式会社エイアイ・フィールド,品川区 五反田駅
データサイエンティスト,株式会社エイアイ・フィールド,千代田区
データサイエンティスト【未経験可】,株式会社ユニゾン・テクノロジー,港区 六本木
新着Tableau　データサイエンティスト,identity Inc.,台東区 御徒町駅その他の勤務地(1)
データサイエンティスト/その他メーカー系,日野自動車 株式会社,新宿区 西新宿
22新卒採用　データアナリスト・データサイエンティストとしてクライアントデータ分析,株式会社エイアイ・フィールド,品川区 五反田駅
データアナリスト / LINEマンガ / LINE Digital Frontier/モバイル/アプリサービス,LINE Digital Frontier 株式会社,新宿区 四谷
データサイエンティスト/広告・デザイン・イベント,株式会社 LIVE BOARD,渋谷区 神宮前
データサイエンティスト,株式会社IKY,港区 六本木
データサイエンティスト/インターネット/Webサービス・ASP,オープンワーク 株式会社,渋谷区 渋谷
新着データサイエンティスト,identity Inc.,港区 表参道駅その他の勤務地(2)
新着年収900万も可、残業少年間休日123日のデータサイエンティスト,神奈川エンジニア求人JOB,千代田区 外神田
新着第二新卒未経験大歓迎/データサイエンティスト候補を大募集,社名非公開企業,東京都
フリーランス/データ分析/大手ゲーム企業でのデータマイニング募集!,テクフリ,渋谷区
【インターン】機械学習エンジニア(データサイエンティスト),株式会社Hakky,新宿区•リモート勤務
データサイエンティスト/広告・デザイン・イベント,株式会社 ストラドル,渋谷区 笹塚
Python@データサイエンティスト(リモート)週3日,株式会社サンライズワークス,渋谷区
データサイエンティスト/インターネット/Webサービス・ASP,株式会社 データワイズ,港区 虎ノ門
データアナリスト/経営/ビジネスコンサルティング・シンクタンク,株式会社 truestar,渋谷区 恵比寿
データサイエンティスト,社会福祉法人 善光会,港区 南青山
新着[リサーチャー・データサイエンティスト],株式会社スカイウイル,品川区 北品川
DXを推進するデータサイエンティスト/AIエンジニア/ITコンサルティング,株式会社 エスタイル,渋谷区 神宮前
データサイエンティスト/モバイル/アプリサービス,株式会社 リンクアンドコミュニケーション,千代田区 紀尾井町
データサイエンティスト/インターネット/Webサービス・ASP,株式会社 Idrasys,港区 新橋
新着AI/データサイエンティスト,株式会社 Tbook,中野区
データエンジニア/ゲーム・エンタメ,株式会社 CAM,渋谷区
データサイエンティスト NBS /Webマーケティング・ネット広告,株式会社 ARISE analytics,渋谷区 渋谷
【日本版Kaggleを創る】学生長期インターン/データサイエンティスト,Nishika(ニシカ) - Nishika株式会社,港区 芝浦
マーケター(データ分析担当)/モバイル/アプリサービス,and factory 株式会社,目黒区 青葉台
データサイエンティスト,三井住友カード株式会社,江東区 豊洲駅
Python@データサイエンティスト(リモート)週3日,株式会社サンライズワークス,渋谷区
データサイエンティスト/広告・デザイン・イベント,株式会社 ストラドル,渋谷区 笹塚
データサイエンティスト/インターネット/Webサービス・ASP,株式会社 データワイズ,港区 虎ノ門
データアナリスト/経営/ビジネスコンサルティング・シンクタンク,株式会社 truestar,渋谷区 恵比寿
データサイエンティスト,社会福祉法人 善光会,港区 南青山
新着[リサーチャー・データサイエンティスト],株式会社スカイウイル,品川区 北品川
DXを推進するデータサイエンティスト/AIエンジニア/ITコンサルティング,株式会社 エスタイル,渋谷区 神宮前
データサイエンティスト/モバイル/アプリサービス,株式会社 リンクアンドコミュニケーション,千代田区 紀尾井町
データサイエンティスト/インターネット/Webサービス・ASP,株式会社 Idrasys,港区 新橋
データサイエンティスト・データアナリスト 正社員 データサイエンティスト 経験者募集 月収30万以上,株式会社ハイデックス,渋谷区 渋谷駅
データエンジニア/ゲーム・エンタメ,株式会社 CAM,渋谷区
新着AI/データサイエンティスト,株式会社 Tbook,中野区
データサイエンティスト NBS /Webマーケティング・ネット広告,株式会社 ARISE analytics,渋谷区 渋谷
データアナリスト/医療・福祉・介護サービス,株式会社 キャンサースキャン,品川区 西五反田
B2B SaaS - データサイエンティスト (ML/NLP)/インターネット/Webサービス・ASP,株式会社 ユーザベース,港区 六本木
データアナリスト/医療・福祉・介護サービス,株式会社 キャンサースキャン,品川区 西五反田
B2B SaaS - データサイエンティスト (ML/NLP)/インターネット/Webサービス・ASP,株式会社 ユーザベース,港区 六本木
データサイエンティスト,三井住友カード株式会社,江東区 豊洲駅
データサイエンティスト,ライオン株式会社,墨田区 本所
データサイエンティスト/Webマーケティング・ネット広告,AnyMind Group,港区 六本木
新着データサイエンティスト,株式会社 Tbook,練馬区
マーケティング系データサイエンティスト/ITコンサルティング,株式会社 データフォーシーズ,港区 南麻布
データサイエンティスト,株式会社ルグラン,渋谷区 宇田川町
A-3【BASE】データアナリスト/インターネット/Webサービス・ASP,BASE 株式会社,港区 六本木
データサイエンティスト(画像認識領域)/IoT・M2M・ロボット,矢崎総業株式会社 AI・デジタル室,港区 港南
マーケッター/ゲーム・エンタメ,StudioZ 株式会社,港区 六本木
【データ分析・AI】データサイエンティスト/システムインテグレータ・ソフトハウス,株式会社 NTTPCコミュニケーションズ,港区 西新橋
新着データサイエンティスト,SOMPOリスクマネジメント株式会社,新宿区 西新宿
データサイエンティスト【新規プロジェクト】,株式会社Senyou,東京都 23区
新着データサイエンティスト(ヘルスケア|データ活用),マイナビクリエイター,港区
データサイエンティスト/インターネット/Webサービス・ASP,OLTA 株式会社,港区 南青山
データサイエンティスト,Tangerine株式会社,港区 南麻布
データサイエンティスト,GMOインターネット株式会社,渋谷区 桜丘町
医療系データサイエンティスト,株式会社大和総研,江東区 門前仲町駅
データアナリスト/インターネット/Webサービス・ASP,Supership 株式会社,港区 虎ノ門
データサイエンティスト(オープンポジション),アニコム グループ,新宿区 西新宿
データアナリスト/モバイル/アプリサービス,株式会社 SODA,渋谷区 渋谷
データサイエンティスト(広告クリエイト系)/インターネット/Webサービス・ASP,negocia 株式会社,渋谷区 恵比寿
データサイエンティスト(未経験者歓迎),株式会社グラフ,港区 西麻布
データサイエンティスト(東京本社)/ITコンサルティング,株式会社 ブルームテクノロジー,目黒区 青葉台
新着博報堂DYグループでの映像クリエイティブ業務,株式会社博報堂DYキャプコ,渋谷区 恵比寿駅
データサイエンティスト:AI・機械学習,株式会社エスタイル,渋谷区
データサイエンティスト,株式会社Lupinus,港区 六本木
データサイエンティスト/アート・芸能関連業界,株式会社ボードウォーク,千代田区
DCS データサイエンティスト/Webマーケティング・ネット広告,株式会社 ARISE analytics,渋谷区 渋谷
医療系データサイエンティスト,株式会社大和総研,江東区 門前仲町駅
マーケター(データ分析担当)/モバイル/アプリサービス,and factory 株式会社,目黒区 青葉台
データサイエンティスト/インターネット/Webサービス・ASP,株式会社 Idrasys,港区 新橋
データサイエンティスト(オープンポジション),アニコム グループ,新宿区 西新宿
データサイエンティスト/モバイル/アプリサービス,株式会社 リンクアンドコミュニケーション,千代田区 紀尾井町
マーケッター/ゲーム・エンタメ,StudioZ 株式会社,港区 六本木
B2B SaaS - データサイエンティスト (ML/NLP)/インターネット/Webサービス・ASP,株式会社 ユーザベース,港区 六本木
データサイエンティスト/Webマーケティング・ネット広告,AnyMind Group,港区 六本木
マーケティング系データサイエンティスト/ITコンサルティング,株式会社 データフォーシーズ,港区 南麻布
A-3【BASE】データアナリスト/インターネット/Webサービス・ASP,BASE 株式会社,港区 六本木
データサイエンティスト,株式会社Lupinus,港区 六本木
データアナリスト/医療・福祉・介護サービス,株式会社 キャンサースキャン,品川区 西五反田
【データ分析・AI】データサイエンティスト/システムインテグレータ・ソフトハウス,株式会社 NTTPCコミュニケーションズ,港区 西新橋
【業務委託】機械学習エンジニア(データサイエンティスト),株式会社Hakky,新宿区
新着年収900万も可、残業少年間休日123日のデータサイエンティスト,神奈川エンジニア求人JOB,千代田区 外神田
"新着[マーケティング, リサーチャー・データサイエンティスト]",株式会社ぐるなび,東京都 23区
データエンジニア/インターネット/Webサービス・ASP,株式会社 DouYu Japan,渋谷区 神宮前
新着博報堂DYグループでの映像クリエイティブ業務,株式会社博報堂DYキャプコ,渋谷区 恵比寿駅
新着データサイエンティスト(ヘルスケア|データ活用),マイナビクリエイター,港区
データサイエンティスト/アート・芸能関連業界,株式会社ボードウォーク,千代田区
DCS データサイエンティスト/Webマーケティング・ネット広告,株式会社 ARISE analytics,渋谷区 渋谷
データサイエンティスト,ビットバンク株式会社,品川区 西五反田
データサイエンティスト,TVISIONINSIGHTS株式会社,千代田区 大手町
データサイエンティスト・データアナリスト 正社員 データサイエンティスト 経験者募集 月収30万以上,株式会社ハイデックス,渋谷区 渋谷駅
データサイエンティスト / Data Science室,LINE株式会社,新宿区 四谷
データサイエンティスト/その他IT/Web・通信・インターネット系,株式会社 InsightEdge,千代田区 大手町
2023新卒採用(データサイエンティストコース),株式会社ブレインパッド,港区 白金台
データサイエンティスト,株式会社プラットフォーム・ワン,渋谷区 恵比寿
データサイエンティスト(データの可視化・ハンドリング),三菱自動車工業,港区 芝浦
データアナリスト/インターネット/Webサービス・ASP,株式会社 DouYu Japan,渋谷区 神宮前
データアナリスト/インターネット/Webサービス・ASP,株式会社 DouYu Japan,渋谷区 神宮前
シニアデータサイエンティスト,フィデル・コンサルティング株式会社,渋谷区 渋谷その他の勤務地(1)
データサイエンティスト・データアナリスト 正社員 データサイエンティスト 経験者募集 月収30万以上,株式会社ハイデックス,渋谷区 渋谷駅
新着[リサーチャー・データサイエンティスト],株式会社アドインテ,新宿区 西新宿
新着データアナリスト,プリントラボ,渋谷区 渋谷
新着[リサーチャー・データサイエンティスト],株式会社サイバーエージェント,渋谷区 宇田川町
新着データサイエンティスト/広告業界,オリコン株式会社,港区
データサイエンティスト/Webマーケティング・ネット広告,株式会社 アドインテ,新宿区 西新宿
【第二新卒枠】エンジニアオープンポジション(Fanicon・データサイエンティスト),THECOO株式会社,渋谷区 明治神宮前駅
データサイエンティスト(ジュニアレベル:メンバー相当),社名非公開,港区 白金台
"新着[マーケティング, 商品企画・商品開発, リサーチャー・データサイエンティスト]",株式会社ぐるなび,東京都 23区
データサイエンティスト・エンジニアリング,三菱総研DCS株式会社,品川区
データサイエンティスト,株式会社 リーディング・エッジ社,杉並区 阿佐ヶ谷駅その他の勤務地(22)
データサイエンティスト,パーソルキャリア株式会社,千代田区 丸の内
データサイエンティスト(Kaggler枠),株式会社ディー・エヌ・エー,渋谷区 渋谷
"新着[マーケティング, リサーチャー・データサイエンティスト]",株式会社ぐるなび,東京都 23区
データエンジニア/インターネット/Webサービス・ASP,株式会社 DouYu Japan,渋谷区 神宮前
新着博報堂DYグループでの映像クリエイティブ業務,株式会社博報堂DYキャプコ,渋谷区 恵比寿駅
データサイエンティスト/アート・芸能関連業界,株式会社ボードウォーク,千代田区
DCS データサイエンティスト/Webマーケティング・ネット広告,株式会社 ARISE analytics,渋谷区 渋谷
データサイエンティスト,ビットバンク株式会社,品川区 西五反田
データサイエンティスト,TVISIONINSIGHTS株式会社,千代田区 大手町
新着データサイエンティスト(ヘルスケア|データ活用),マイナビクリエイター,港区
データサイエンティスト / Data Science室,LINE株式会社,新宿区 四谷
2023新卒採用(データサイエンティストコース),株式会社ブレインパッド,港区 白金台
データサイエンティスト,株式会社プラットフォーム・ワン,渋谷区 恵比寿
データサイエンティスト(データの可視化・ハンドリング),三菱自動車工業,港区 芝浦
データサイエンティスト/その他IT/Web・通信・インターネット系,株式会社 InsightEdge,千代田区 大手町
新着データ分析専門のデータサイエンティスト,マスターキー株式会社,渋谷区 渋谷
データサイエンティスト・データアナリスト 正社員 データサイエンティスト 経験者募集 月収30万以上,株式会社ハイデックス,渋谷区 渋谷駅
データサイエンティスト業務,株式会社スキルコネクト,渋谷区
新着データ分析エンジニア,AnyKan株式会社,新宿区
データサイエンティスト(データ分析、データのビジネス活用),三菱自動車工業,港区 芝浦
データサイエンティスト,株式会社ヘルスベイシス,港区 お台場海浜公園駅
ゲームデータ分析(データサイエンティスト).,株式会社LogicLinks,渋谷区
"新着[マーケティング, リサーチャー・データサイエンティスト]",ポート株式会社,新宿区 西新宿
データサイエンティスト/データアナリスト(データ分析),コグラフ株式会社,品川区 五反田駅
"新着[マーケティング, リサーチャー・データサイエンティスト, 編集・ライター]",ポート株式会社,新宿区 西新宿
《経営コンサル》オープンポジション　/未経験可,株式会社野村総合研究所,千代田区 大手町
新着データサイエンティスト/技術系(IT・Web・ゲーム・通信),サンブリッジソリューションズ株式会社,港区
新着[リサーチャー・データサイエンティスト],ココン株式会社,渋谷区 本町
リサーチサイエンティスト(広告運用最適化)/インターネット/Webサービス・ASP,negocia 株式会社,渋谷区 恵比寿
・データサイエンティスト※統計知識があれば、未経験者可,株式会社PTS,江東区 青海
3-2-3.【テレワーク率80%_外資系保険会社データ分析案件】データサイエンティスト,株式会社ハイマックス,港区 南青山•リモート勤務
データサイエンティスト,株式会社ウフル,港区 虎ノ門
データサイエンティスト(メンバー),Hmcomm株式会社,港区
データサイエンティスト,レバレジーズ株式会社,渋谷区
音声認識研究者・データサイエンティスト ポスドク歓迎 【東京】/その他IT/Web・通信・インターネット系,Hmcomm 株式会社,港区 芝大門
データサイエンティスト,デジタル・アドバタイジング・コンソーシアム株式会社,渋谷区 恵比寿
【データ分析・AI】データサイエンティスト/システムインテグレータ・ソフトハウス,株式会社 NTTPCコミュニケーションズ,港区 西新橋
データサイエンティスト,TIS株式会社,新宿区 西新宿
データアナリスト/インターネット/Webサービス・ASP,Supership 株式会社,港区 虎ノ門
データサイエンティスト・エンジニアリング,三菱総研DCS株式会社,品川区
データアナリスト,合同会社DMM.com,港区 六本木
データアナリスト/モバイル/アプリサービス,株式会社 SODA,渋谷区 渋谷
データサイエンティスト業務,株式会社スキルコネクト,渋谷区
データサイエンティスト(広告クリエイト系)/インターネット/Webサービス・ASP,negocia 株式会社,渋谷区 恵比寿
データサイエンティスト(データ分析、データのビジネス活用),三菱自動車工業,港区 芝浦
【データ分析】データサイエンティスト(ポジション相談用),エムスリー株式会社,港区
B2B SaaS - データサイエンティスト (ML/NLP)/インターネット/Webサービス・ASP,株式会社 ユーザベース,港区 六本木
SIer/データサイエンティスト/AIエンジニア/裁量が高い/穏やかな社風,大手ユーザー系SIer,東京都
データサイエンティスト:モビリティ領域(シェアリングサービス・コネクティッド/東京),株式会社 アイシン,江東区 東京テレポート駅
大手百貨店のデータサイエンティスト,株式会社スキルコネクト,渋谷区
"新着[リサーチャー・データサイエンティスト, SE(オープンweb系), その他エンジニア関連]",株式会社スカイウイル,品川区 北品川
研究員《雇用・労働・人材育成分野》,三菱UFJリサーチ&コンサルティング株式会社,港区 虎ノ門
データサイエンティストNo.1　※1年更新の有期雇用社員,住友化学株式会社,中央区 日本橋
データサイエンティスト,株式会社ネクス・ソリューションズ,港区 南青山
データサイエンティスト【異常検知】,株式会社Senyou,東京都 23区
分析エンジニア/ゲーム・エンタメ,株式会社 10ANTZ,渋谷区 渋谷
TuneCore Japan バックエンドエンジニア/インターネット/Webサービス・ASP,Wano 株式会社,渋谷区 恵比寿南
データサイエンティスト,SOMPOホールディングス株式会社,新宿区
Data Scientistデータサイエンティスト,ヘイズ・スペシャリスト・リクルートメント・ジャパン株式会社,東京都 23区
データサイエンティスト(自社物販事業).,auコマース&ライフ株式会社,渋谷区
【FY23新卒】データサイエンティスト,エムスリー株式会社,港区 赤坂
【新卒向け/説明会予約用】エンジニア・データサイエンティスト・総合職,株式会社アイデミー,千代田区 神田小川町
データサイエンティスト,株式会社フィスコ,港区 南青山
新着[リサーチャー・データサイエンティスト],ココン株式会社,渋谷区 本町
・データサイエンティスト※統計知識があれば、未経験者可,株式会社PTS,江東区 青海
3-2-3.【テレワーク率80%_外資系保険会社データ分析案件】データサイエンティスト,株式会社ハイマックス,港区 南青山•リモート勤務
データサイエンティスト,株式会社ウフル,港区 虎ノ門
【プロジェクトマネージャー】〜AI・データサイエンス領域を動かす〜/ITコンサルティング,株式会社 エスタイル,渋谷区 神宮前
カスタマーサクセス(予防医療推進コンサルタント)/医療・福祉・介護サービス,株式会社 キャンサースキャン,品川区 西五反田
"新着[法人営業, 営業企画, マーケティング, リサーチャー・データサイエンティスト, 経営企画・事業企画]",カルチュア・コンビニエンス・クラブ株式会社,渋谷区 渋谷
新着【銀座】調査アシスタント、主婦活躍中!ブランク可!Excelスキルが活かせる 分析経験者優遇,スタイルアクト株式会社,中央区 銀座駅
新着[リサーチャー・データサイエンティスト],株式会社プロトソリューション,新宿区 西新宿
"新着[マーケティング, 商品企画・商品開発, リサーチャー・データサイエンティスト]",株式会社プラグ,千代田区 神田神保町
リサーチャー・データサイエンティスト,エスピーイーシー株式会社,大田区
新着データエンジニア,ビットバンク株式会社,品川区 西五反田
データアナリスト,ナイトレイ,渋谷区 南平台町
データサイエンティスト(音声),アニコム グループ,新宿区 西新宿
【データサイエンティスト】 年間休日127日 残業月15時間以内 実務未経験OK・研修あり/インターネット/Webサービ...,株式会社 SAKURUG,渋谷区 渋谷
新着データサイエンティスト,株式会社アイ・ディ・エイチ,台東区 東上野
【障害者採用】<渋谷駅徒歩3分>データサイエンティスト,株式会社 ARISE analytics,渋谷区 渋谷
"新着[リサーチャー・データサイエンティスト, SE(オープンweb系), PL・PM(オープンweb系)]",カルチュア・コンビニエンス・クラブ株式会社,渋谷区 南平台町
新着ファッション領域のデータサイエンティスト‗経験者のみ,株式会社ニューロープ,渋谷区 渋谷駅
新着データサイエンティスト,ROMTEC,港区 六本木駅
ICT局/データサイエンティスト/ビジネスプランナー,株式会社リクルートコミュニケーションズ,中央区
長期有給インターンシップ,アクセル ユニバース株式会社,渋谷区 渋谷
データサイエンティスト職,ダイナミックプラス株式会社,千代田区 隼町その他の勤務地(1)
データサイエンティスト:モビリティ領域(シェアリングサービス・コネクティッド/東京),株式会社 アイシン,江東区 東京テレポート駅
大手百貨店のデータサイエンティスト,株式会社スキルコネクト,渋谷区
資産運用会社でのデータサイエンティスト募集,キュースクエア・テクノロジーズ株式会社,千代田区 大手町
"新着[リサーチャー・データサイエンティスト, SE(オープンweb系), その他エンジニア関連]",株式会社スカイウイル,品川区 北品川
データサイエンティストNo.1　※1年更新の有期雇用社員,住友化学株式会社,中央区 日本橋
経験者歓迎|データサイエンティスト(マーケティング/プライシング),株式会社MonotaRO,港区
データアナリスト/サイエンティスト(業界最大級のECサイト)/インターネット/Webサービス・ASP,株式会社 ベイクルーズ,渋谷区 渋谷
"新着[マーケティング, リサーチャー・データサイエンティスト]",株式会社アラテ,港区 元赤坂
医療データ分析者(データサイエンティスト/アナリスト),サスメド株式会社,中央区 日本橋本町
データサイエンティスト,株式会社 プロトソリューション,新宿区 西新宿
2022 新卒採用 エンジニア職(データ分析コース),株式会社Gunosy,渋谷区 渋谷
チーフデータサイエンティスト,フィデル・コンサルティング株式会社,渋谷区
企画統括スタッフ(プロダクト企画統括室),株式会社リクルート,千代田区 東京駅
データサイエンティスト/ITエンジニア,大日本住友製薬株式会社,中央区 日本橋
プロジェクトマネージャー,株式会社ABEJA,港区 北青山
[データサイエンティスト]テラバイト級データを活用し組織を牽引,ディップ株式会社,港区 六本木
データアナリスト　データサイエンティスト,identity Inc.,千代田区 半蔵門駅
"新着[マーケティング, リサーチャー・データサイエンティスト, 経営企画・事業企画]",株式会社VOYAGE　GROUP,渋谷区 道玄坂
データサイエンティスト・データアナリスト 正社員 データサイエンティスト 経験者募集 月収30万以上,株式会社ハイデックス,渋谷区 渋谷駅
新着データサイエンティスト,株式会社ティ・ティ・ワン,中央区 日本橋兜町
データサイエンティスト,株式会社キャピタルメディカ,港区 虎ノ門
国内最大級の音楽フェスを支えるデータアナリスト,株式会社ロッキング・オン・ホールディングス,渋谷区
データサイエンティスト(バンダイナムコグループのオフィス勤務),株式会社バンダイナムコネクサス,港区
【データサイエンティスト/フルリモート】国の実証実験に携わりたい方募集!!,株式会社Hajimari,中央区
ミドルデータサイエンティスト,株式会社博報堂,港区 赤坂駅
アナリティクスコンサルタント,PwCコンサルティング合同会社,千代田区 丸の内
データサイエンティスト(音声),アニコム グループ,新宿区 西新宿
データサイエンティスト(画像認識領域)/IoT・M2M・ロボット,矢崎総業株式会社 AI・デジタル室,港区 港南
データサイエンティスト,株式会社フライウィール,千代田区 麹町
新着データサイエンティスト,株式会社アイ・ディ・エイチ,台東区 東上野
新着データサイエンティスト/広告業界,オリコン株式会社,港区
データサイエンティスト/その他IT/Web・通信・インターネット系,株式会社 InsightEdge,千代田区 大手町
データサイエンティスト,SBIホールディングス株式会社,港区 六本木その他の勤務地(1)
"新着[リサーチャー・データサイエンティスト, SE(オープンweb系), PL・PM(オープンweb系)]",カルチュア・コンビニエンス・クラブ株式会社,渋谷区 南平台町
新着データサイエンティスト,ROMTEC,港区 六本木駅
データサイエンティスト/経営/ビジネスコンサルティング・シンクタンク,株式会社 キャピタルメディカ,港区 虎ノ門
データサイエンティスト職,TDSE株式会社,新宿区 西新宿
医薬品メーカー/データサイエンティスト/バイオインフォマティクス研究職 (NGS解析、ヒトゲノム解析),大手日系製薬メーカー,東京都
"新着[リサーチャー・データサイエンティスト, マーケティング]",株式会社ベーシック,千代田区 一番町
新着データサイエンティスト・アナリスト,HJホールディングス株式会社,港区
"新着[マーケティング, リサーチャー・データサイエンティスト]",株式会社プレアデス,港区 東新橋
データサイエンティスト,株式会社エヌ・アンド・アイ・システムズ,千代田区 神保町駅
データサイエンティスト・アナリスト,日本エヌ・ユー・エス株式会社,新宿区
データサイエンティスト(コネクテッド領域/東京),本田技研工業 株式会社,港区 六本木駅
データサイエンティスト・技術開発(農業),株式会社オプティム,港区 海岸
新着プログラマー,株式会社無限の始まり,葛飾区 東金町その他の勤務地(4)
"新着[マーケティング, リサーチャー・データサイエンティスト]",ファインディ株式会社(Findy Inc),品川区 大崎広小路駅
【第二新卒/既卒】データサイエンティスト,サンブリッジソリューションズ株式会社,渋谷区
データサイエンティスト【日系大手信託銀行】,株式会社エリートネットワーク,千代田区
"新着[マーケティング, リサーチャー・データサイエンティスト]",株式会社viviON,千代田区 神田練塀町
"新着[マーケティング, リサーチャー・データサイエンティスト, 広報・IR]",株式会社オープンエイト,渋谷区 桜丘町
データサイエンティスト・データアナリスト 正社員 データサイエンティスト 経験者募集 月収30万以上,株式会社ハイデックス,渋谷区 渋谷駅
機械学習エンジニア(データサイエンティスト),株式会社おいしい健康,中央区 人形町駅
"新着[リサーチャー・データサイエンティスト, SE(オープンweb系), その他エンジニア関連]",株式会社スカイウイル,品川区 北品川
データサイエンティストNo.1　※1年更新の有期雇用社員,住友化学株式会社,中央区 日本橋
データサイエンティスト,株式会社ネクス・ソリューションズ,港区 南青山
データサイエンティスト【異常検知】,株式会社Senyou,東京都 23区
Data Scientistデータサイエンティスト,ヘイズ・スペシャリスト・リクルートメント・ジャパン株式会社,東京都 23区
データサイエンティスト(自社物販事業).,auコマース&ライフ株式会社,渋谷区
【FY23新卒】データサイエンティスト,エムスリー株式会社,港区 赤坂
【新卒向け/説明会予約用】エンジニア・データサイエンティスト・総合職,株式会社アイデミー,千代田区 神田小川町
データサイエンティスト,株式会社フィスコ,港区 南青山
事業企画≪取締役直下≫データを活用した事業戦略ポジション,株式会社マクアケ,渋谷区 道玄坂
データサイエンティスト,三井情報株式会社,中野区 東中野
データサイエンティスト(ジュニア),Vareal株式会社,港区 三田
データサイエンティスト(コンピュータビジョン),アニコム グループ,新宿区 西新宿
"新着[マーケティング, リサーチャー・データサイエンティスト]",株式会社ジーノット,港区 東新橋
データサイエンティスト(未経験者歓迎),株式会社グラフ,港区 西麻布
新着[リサーチャー・データサイエンティスト],荏原環境プラント株式会社,大田区 羽田旭町
業務アシスタント,パーソルキャリア株式会社,千代田区 大手町
データサイエンティスト【スタッフ職】,JCOM株式会社,千代田区 丸の内
データサイエンティスト(メンバー),Hmcomm株式会社,港区
事業企画≪取締役直下/未経験可≫データを活用した事業戦略,株式会社マクアケ,渋谷区 道玄坂
データサイエンティスト(自社物販事業).,auコマース&ライフ株式会社,渋谷区
【FY23新卒】データサイエンティスト,エムスリー株式会社,港区 赤坂
【新卒向け/説明会予約用】エンジニア・データサイエンティスト・総合職,株式会社アイデミー,千代田区 神田小川町
データサイエンティスト,株式会社フィスコ,港区 南青山
事業企画≪取締役直下≫データを活用した事業戦略ポジション,株式会社マクアケ,渋谷区 道玄坂
フロントエンドエンジニア/インターネット/Webサービス・ASP,negocia 株式会社,渋谷区 恵比寿
データサイエンティスト,三井情報株式会社,中野区 東中野
データサイエンティスト(ジュニア),Vareal株式会社,港区 三田
データサイエンティスト(コンピュータビジョン),アニコム グループ,新宿区 西新宿
"新着[マーケティング, リサーチャー・データサイエンティスト]",株式会社ジーノット,港区 東新橋
新着[リサーチャー・データサイエンティスト],荏原環境プラント株式会社,大田区 羽田旭町
データアナリスト・データサイエンティスト,公益財団法人日本英語検定協会,新宿区
データ分析エンジニア(マネージャー職)/インターネット/Webサービス・ASP,株式会社 ボードウォーク,千代田区 麹町
業務アシスタント,パーソルキャリア株式会社,千代田区 大手町
WEBエンジニア/マーケティングエンジニア/データサイエンティスト/Webマーケティング・ネット広告,株式会社 KIYONO,渋谷区 千駄ケ谷駅
データサイエンティスト【スタッフ職】,JCOM株式会社,千代田区 丸の内
事業企画≪取締役直下/未経験可≫データを活用した事業戦略,株式会社マクアケ,渋谷区 道玄坂
2ヶ月の社内研修あり データアナリスト/データ分析・AI構築,株式会社エイアイ・フィールド,江東区 大島その他の勤務地(1)
"新着[マーケティング, リサーチャー・データサイエンティスト]",株式会社BookLive,港区 芝浦
データサイエンティスト,株式会社テクノプロ　テクノプロ・デザイン社,東京都 23区
マザーズ上場・マーケティング企業|データサイエンティスト,マイナビクリエイター,港区
業務コンサルタント/ データサイエンティスト,スプリームシステム株式会社,豊島区 東池袋
"新着[マーケティング, リサーチャー・データサイエンティスト]",株式会社アラテ,港区 元赤坂
【データサイエンティスト】 年間休日127日 残業月15時間以内 実務未経験OK・研修あり/インターネット/Webサービ...,株式会社 SAKURUG,渋谷区 渋谷
医療データ分析者(データサイエンティスト/アナリスト),サスメド株式会社,中央区 日本橋本町
データサイエンティスト,株式会社 プロトソリューション,新宿区 西新宿
2022 新卒採用 エンジニア職(データ分析コース),株式会社Gunosy,渋谷区 渋谷
チーフデータサイエンティスト,フィデル・コンサルティング株式会社,渋谷区
【障害者採用】<渋谷駅徒歩3分>データサイエンティスト,株式会社 ARISE analytics,渋谷区 渋谷
データサイエンティスト・アナリスト,三菱ケミカル株式会社,千代田区
人事(採用担当者)/医療・福祉・介護サービス,株式会社 キャンサースキャン,品川区 西五反田
データサイエンティスト,運営元 株式会社 JoB-up,新宿区 新宿駅その他の勤務地(1)
ITエンジニア,エンジニアファースト,八王子市 館町その他の勤務地(2)
調査アシスタント,スタイルアクト　株式会社,中央区 銀座駅
データマネジメントディレクター,株式会社リクルートホールディングス,千代田区 丸の内
【メディア事業部】データサイエンティスト / ABEMA,合同会社Futurejobs,渋谷区 宇田川町
専門職,株式会社ロジクロスコミュニケーション,中央区 京橋駅
アスミック・エース　映画・アニメプロデューサー/プロデューサー補,JCOM株式会社,千代田区 東京駅
データアナリスト,株式会社ディー・エヌ・エー,渋谷区 渋谷
【自社/プライムSI】データサイエンティスト,SBヒューマンキャピタル株式会社,墨田区 錦糸
データサイエンティスト(ジュニアレベル:メンバー相当),社名非公開,港区 白金台
コンサルティング営業(ITセキュリティ)/ITコンサルティング,デジタルアーツコンサルティング 株式会社,千代田区 大手町
新着リサーチ,"Evolable Asia Co.,Ltd.",港区 六本木その他の勤務地(1)
企業内研修事業SE/経営/ビジネスコンサルティング・シンクタンク,株式会社 グロービス,千代田区 二番町
新着【データサイエンティスト】日本語ネイティブレベル必須*25歳から40歳までの男女活躍中*機械学習関連分野での開発経験必須,コニカミノルタ株式会社,千代田区
データアナリスト　データサイエンティスト,identity Inc.,千代田区 半蔵門駅
"新着[マーケティング, リサーチャー・データサイエンティスト, 経営企画・事業企画]",株式会社VOYAGE　GROUP,渋谷区 道玄坂
新着データサイエンティスト,株式会社ティ・ティ・ワン,中央区 日本橋兜町
データサイエンティスト,株式会社キャピタルメディカ,港区 虎ノ門
国内最大級の音楽フェスを支えるデータアナリスト,株式会社ロッキング・オン・ホールディングス,渋谷区
事業開発(データビジネス/MaaS領域),Supershipグループ,港区 虎ノ門
【インターンシップ】WEB IT/ソフトウェア,株式会社フォーク,渋谷区 渋谷
データサイエンティスト,株式会社リクルートホールディングス,千代田区 丸の内
データサイエンティスト(データドリブンで事業を推進),ピクシブ株式会社,渋谷区
エコノミストおよびデータサイエンティストについて,東京大学エコノミックコンサルティング株式会社,文京区 本郷
データサイエンティスト(シニア),Vareal株式会社,港区 三田
新着若者多数在籍!データサイエンティスト/C# 成長できる環境,株式会社NEW GATE,墨田区
【データサイエンティスト】 年間休日127日 残業月15時間以内 実務未経験OK・研修あり/インターネット/Webサービ...,株式会社 SAKURUG,渋谷区 渋谷
データサイエンティスト(自然言語処理)/ Data Scientist (NLP),株式会社MonotaRO,港区 赤坂
データビジネス事業　事業開発担当,株式会社キャピタルメディカ,港区 虎ノ門
データ基盤エンジニア,株式会社ABEJA,港区 北青山
【障害者採用】<渋谷駅徒歩3分>データサイエンティスト,株式会社 ARISE analytics,渋谷区 渋谷
"[Medical] データサイエンティスト, ビジネスインテリジェンス & アナリティクス",Johnson & Johnson Family of Companies,千代田区
【ハイアット】Productivity Analyst,ハイアット・グローバル・コンタクトセンター東京,新宿区 西新宿
データサイエンティスト/データアナリスト,フィデル・コンサルティング株式会社,港区
新着SE(システムエンジニア),株式会社無限の始まり,足立区 千住東その他の勤務地(3)
マーケティングコンサルタント,トランスコスモス株式会社,渋谷区 東
データ入力/PC入力/オペレーター,Master Key株式会社,渋谷区 渋谷
新着【障害者採用】(契約)AIデータサイエンティスト(経験者,株式会社　ロボケン,豊島区 東池袋
"新着[マーケティング, リサーチャー・データサイエンティスト]",株式会社SmartHR,港区 六本木
"新着[マーケティング, 営業企画, その他企画・マーケティング関連職, 商品企画・商品開発, リサーチャー・データサイエンテ...",株式会社ジーノット,港区 東新橋
新着ファッション領域のデータサイエンティスト‗経験者のみ,株式会社ニューロープ,渋谷区 渋谷駅
【未経験・微経験】データサイエンティスト,株式会社ヘルスベイシス,港区 御成門駅その他の勤務地(1)
【ポテンシャル枠】データサイエンティスト ※宅急便システムの最適化/業務効率化/事業促進,ヤマト運輸株式会社,中央区 京橋駅
"新着[リサーチャー・データサイエンティスト, マーケティング]",株式会社ベーシック,千代田区 一番町
資産運用会社でのデータサイエンティスト募集,キュースクエア・テクノロジーズ株式会社,千代田区 大手町
"新着[マーケティング, リサーチャー・データサイエンティスト]",株式会社プレアデス,港区 東新橋
データサイエンティスト,株式会社エヌ・アンド・アイ・システムズ,千代田区 神保町駅
データサイエンティスト・技術開発(農業),株式会社オプティム,港区 海岸
経験者歓迎|データサイエンティスト(マーケティング/プライシング),株式会社MonotaRO,港区
データサイエンティスト・エンジニアリング,株式会社インテージ,千代田区
データサイエンティスト・技術開発(農業),株式会社オプティム,港区 海岸
新着プログラマー,株式会社無限の始まり,葛飾区 東金町その他の勤務地(4)
"新着[マーケティング, リサーチャー・データサイエンティスト]",ファインディ株式会社(Findy Inc),品川区 大崎広小路駅
【第二新卒/既卒】データサイエンティスト,サンブリッジソリューションズ株式会社,渋谷区
"新着[マーケティング, リサーチャー・データサイエンティスト]",株式会社viviON,千代田区 神田練塀町
"新着[マーケティング, リサーチャー・データサイエンティスト, 広報・IR]",株式会社オープンエイト,渋谷区 桜丘町
データサイエンティスト・アナリスト,株式会社Retail AI X,港区
機械学習エンジニア(データサイエンティスト),株式会社おいしい健康,中央区 人形町駅
【データサイエンティスト】,マシンラーニング・ソリューションズ株式会社,千代田区 大手町
【データサイエンティスト】 年間休日127日 残業月15時間以内 実務未経験OK・研修あり/インターネット/Webサービ...,株式会社 SAKURUG,渋谷区 渋谷
データサイエンティスト,株式会社アットリーフ 東京オフィス,台東区 台東
【障害者採用】<渋谷駅徒歩3分>データサイエンティスト,株式会社 ARISE analytics,渋谷区 渋谷
東京 リアルワールドデータサイエンティスト,イーピーエス株式会社,新宿区 新小川町
【データサイエンティスト】光加工機,株式会社ニコン,品川区 西大井駅
環境配慮AIベンチャー データサイエンティスト(python)/東京,株式会社グレイス,港区
データサイエンティスト(データ分析 / モデリング)/ Data Scientist (Data Analysis /...,株式会社MonotaRO,港区 赤坂
新着ファッション領域のデータサイエンティスト‗経験者のみ,株式会社ニューロープ,渋谷区 渋谷駅
【CTS-Auto】データリサーチャー(東京勤務)/経営/ビジネスコンサルティング・シンクタンク,PwCビジネスアシュアランス 合同会社,千代田区 大手町
AI開発用データ基盤の開発・クラウド環境構築(AI開発に関わる計算機、データ基盤のPaaSによる環境構築/東京),株式会社 アイシン,江東区 東京テレポート駅
データサイエンティスト,日鉄ソリューションズ株式会社,中央区 新川その他の勤務地(2)
個人投資家向け情報配信サービスデータサイエンティスト支援,株式会社スキルコネクト,渋谷区
資産運用会社でのデータサイエンティスト募集,キュースクエア・テクノロジーズ株式会社,千代田区 大手町
建設コンサルタント,株式会社サンビーム 交通システム部,千代田区 神田三崎町
データサイエンティスト 機械学習・深層学習・AIの基礎研究・開発,株式会社CINC,港区 赤坂
ソリューション法務室(データ・プライバシー領域担当),株式会社リクルート,千代田区 東京駅
経験者歓迎|データサイエンティスト(マーケティング/プライシング),株式会社MonotaRO,港区
カスタマーサクセスマネジャー,株式会社ブレインパッド,品川区 上大崎
データアナリスト・データサイエンティスト,株式会社True Data,港区
データサイエンティスト/エンドユーザ直/東京/経験浅,株式会社　デジタルリンク,港区 元麻布
新着社会インフラの維持管理に関するデータサイエンティスト/ジュニアデータサイエンティスト,Fracta Japan株式会社,渋谷区 渋谷
"新着[法人営業, マーケティング, リサーチャー・データサイエンティスト]",株式会社VOYAGE　GROUP,渋谷区 道玄坂
マーケティング、リサーチャー・データサイエンティスト,運営元 株式会社セフティライフ,港区 芝浦その他の勤務地(2)
新着動画プランナー,ROMTEC,渋谷区 恵比寿駅
データアナリスト/サイエンティスト(業界最大級のECサイト)/インターネット/Webサービス・ASP,株式会社 ベイクルーズ,渋谷区 渋谷
"新着[マーケティング, リサーチャー・データサイエンティスト, Webディレクター・Webプロデューサー]",弁護士ドットコム株式会社,港区 六本木
リサーチャー・データサイエンティスト,運営元 株式会社セフティライフ,新宿区 新宿その他の勤務地(1)
マネージャー(候補を含む)(データ分析),コグラフ株式会社,品川区 五反田駅
コンサルティングファーム データサイエンティスト(PM)/東京都,株式会社グレイス,新宿区
"新着[データベース設計・構築, リサーチャー・データサイエンティスト]",株式会社オープンエイト,渋谷区 桜丘町
データサイエンティスト:生産設備の異常検知、製品検査(機械学習、異音検知など/東京),株式会社 アイシン,江東区 東京テレポート駅
データエンジニア/Webマーケティング・ネット広告,株式会社 メンバーズ メンバーズデータアドベンチャーカンパニー,品川区 西五反田
新着【障害者採用】正社員　AIデータサイエンティスト(経験者),株式会社　ロボケン,豊島区 東池袋
データプランナー,デジタル・アドバタイジング・コンソーシアム株式会社,渋谷区 恵比寿
新着データサイエンティスト・アナリスト,エム・アール・アイリサーチアソシエイツ株式会社,千代田区
オンライン研修運営スタッフ,株式会社AVILEN,中央区 日本橋馬喰町
データサイエンティスト・データアナリスト 正社員 データサイエンティスト 経験者募集 月収30万以上,株式会社ハイデックス,渋谷区 渋谷駅
データサイエンティスト,Robert Half Japan,千代田区 大手町
【業務委託】求人広告の電話アポインター/商談なし,Nishika株式会社,港区 田町駅•リモート勤務
【日本版Kaggleを創る】業務委託/データサイエンティスト(ジュニア),Nishika(ニシカ) - Nishika株式会社,港区 田町駅
"新着[マーケティング, リサーチャー・データサイエンティスト]",株式会社viviON,千代田区 神田練塀町
"新着[マーケティング, リサーチャー・データサイエンティスト, 広報・IR]",株式会社オープンエイト,渋谷区 桜丘町
データサイエンティスト,I&CO Tokyo合同会社,渋谷区 恵比寿駅
機械学習エンジニア(データサイエンティスト),株式会社おいしい健康,中央区 人形町駅
データサイエンティスト・エンジニアリング,第一三共RDノバーレ株式会社,江戸川区
【データサイエンティスト】,マシンラーニング・ソリューションズ株式会社,千代田区 大手町
データサイエンティスト,株式会社アットリーフ 東京オフィス,台東区 台東
データサイエンティスト・アナリスト,三菱総研DCS株式会社,中野区
東京 リアルワールドデータサイエンティスト,イーピーエス株式会社,新宿区 新小川町
【データサイエンティスト】光加工機,株式会社ニコン,品川区 西大井駅
環境配慮AIベンチャー データサイエンティスト(python)/東京,株式会社グレイス,港区
データサイエンティスト(データ分析 / モデリング)/ Data Scientist (Data Analysis /...,株式会社MonotaRO,港区 赤坂
AI開発用データ基盤の開発・クラウド環境構築(AI開発に関わる計算機、データ基盤のPaaSによる環境構築/東京),株式会社 アイシン,江東区 東京テレポート駅
データサイエンティスト,日鉄ソリューションズ株式会社,中央区 新川その他の勤務地(2)
個人投資家向け情報配信サービスデータサイエンティスト支援,株式会社スキルコネクト,渋谷区
建設コンサルタント,株式会社サンビーム 交通システム部,千代田区 神田三崎町
【CTS-Auto】データリサーチャー(東京勤務)/経営/ビジネスコンサルティング・シンクタンク,PwCビジネスアシュアランス 合同会社,千代田区 大手町
データサイエンティスト 機械学習・深層学習・AIの基礎研究・開発,株式会社CINC,港区 赤坂
ソリューション法務室(データ・プライバシー領域担当),株式会社リクルート,千代田区 東京駅
企業内研修事業SE/経営/ビジネスコンサルティング・シンクタンク,株式会社 グロービス,千代田区 二番町
【データサイエンティスト】 年間休日127日 残業月15時間以内 実務未経験OK・研修あり/インターネット/Webサービ...,株式会社 SAKURUG,渋谷区 渋谷
カスタマーサクセスマネジャー,株式会社ブレインパッド,品川区 上大崎
【障害者採用】<渋谷駅徒歩3分>データサイエンティスト,株式会社 ARISE analytics,渋谷区 渋谷
データサイエンティスト/エンドユーザ直/東京/経験浅,株式会社　デジタルリンク,港区 元麻布
新着社会インフラの維持管理に関するデータサイエンティスト/ジュニアデータサイエンティスト,Fracta Japan株式会社,渋谷区 渋谷
"新着[法人営業, マーケティング, リサーチャー・データサイエンティスト]",株式会社VOYAGE　GROUP,渋谷区 道玄坂
新着データアナリスト・データサイエンティスト,EY新日本有限責任監査法人,千代田区
マーケティング、リサーチャー・データサイエンティスト,運営元 株式会社セフティライフ,港区 芝浦その他の勤務地(2)
新着動画プランナー,ROMTEC,渋谷区 恵比寿駅
データアナリスト・データサイエンティスト,株式会社True Data,港区
コンサル系総合職,株式会社クラウディオサステナビリティ,中央区 銀座
データサイエンティスト・エンジニアリング,三菱UFJインフォメーションテクノロジー株式会社,中野区
【STC】データサイエンティスト,パイオニア 株式会社,文京区 本駒込
データ分析エンジニアマネージャー/ソフトウェア/パッケージベンダ,ブレインズテクノロジー 株式会社,港区 高輪
データサイエンティスト,ヘイズ・スペシャリスト・リクルートメント・ジャパン株式会社,東京都 23区
データ解析ソフトウェアの開発エンジニア,日本科学技術研修所,渋谷区
【インターンシップ】コンサルティング IT/ソフトウェア,TheROOM Door株式会社,港区 六本木駅
データサイエンティスト(機械学習を用いたｻｰﾋﾞｽの顧客への提案・ｺﾝｻﾙﾃｨﾝｸﾞ業務)【B職】,株式会社キーエンス,港区 台場
データ分析コンサルタント《設立50年の安定企業》/未経験,株式会社デジタルフォルン,千代田区 霞ケ関駅
各種データ(リアル、ネット、メディア...)を軸とした各種企画や施策における「リサーチ」や「ソリューション」の提案,カルチュア･コンビニエンス・クラブグループ,渋谷区 南平台町
【インターンシップ】商社,株式会社パーツワン,渋谷区 代々木
データサイエンティスト(リード),Vareal株式会社,港区 三田
2022 新卒採用 エンジニア職(サービス開発コース),株式会社Gunosy,渋谷区 渋谷
新着デジタルコンサルタント,株式会社Anfini,荒川区 日暮里駅
パートナーセールス,Supershipグループ,港区 虎ノ門
人事(リーダー候補 / Supershipグループ企業),Supershipグループ,港区 虎ノ門
データアナリスト・データサイエンティスト,HAVIサプライチェーン・ソリューションズ・ジャパン合同会社,中野区
データサイエンティスト(小売・製造業),TDSE株式会社,新宿区 西新宿
データエンジニア/データサイエンティスト,株式会社電通テック,千代田区 内幸町
セールス(SSP),Supershipグループ,港区 虎ノ門
プロダクトマネージャー/ITコンサルティング,MI-6 株式会社,港区 新橋
データサイエンティスト・データアナリスト 正社員 データサイエンティスト 経験者募集 月収30万以上,株式会社ハイデックス,渋谷区 渋谷駅
SaaS領域マーケティング(プロダクト担当),株式会社リクルート,千代田区 東京駅
新着データサイエンティスト,運営元 株式会社ジュエルキャリア,中央区その他の勤務地(1)
テクノロジーストラテジスト,Supershipグループ,港区 虎ノ門
データ分析支援 /BIエンジニア(プロジェクトリーダー),株式会社CCNグループ,千代田区
ビッグデータエンジニア(開発エンジニア),ディップ株式会社,港区 六本木
データエンジニア(データ抽出、加工、解析、集計)/Webマーケティング・ネット広告,株式会社 アドインテ,新宿区 西新宿
データサイエンティスト,Supershipグループ,港区 虎ノ門
マーケティング,株式会社ジャパネットメディアクリエーション,港区
国内最大級の量の自社データ保有!/DX推進/KDDI×電通グループ,Supershipグループ,港区 虎ノ門
データサイエンティスト,株式会社マスメディアン,千代田区
アプリ・サービス企画,カシオ計算機株式会社,八王子市
マーケティング/商品企画/リサーチャー(アプリ開発企業でデータサイエンティスト),株式会社レッツアイ,渋谷区 北参道駅
AIビジネスコンサルタント,株式会社ブレインパッド,品川区 上大崎
事業企画・新規事業開発,株式会社justInCaseTechnologies,中央区
データサイエンティスト(シニアコンサルタント)※宅急便システムの最適化/業務効率化/事業促進,ヤマト運輸株式会社,中央区 京橋駅
a・i lab・|データサイエンティスト,マイナビクリエイター,品川区 大崎駅
2023 インターンシップ ソフトウェア,株式会社スカイウイル,品川区 北品川
データサイエンティスト(京都/東京),type転職エージェント,渋谷区 渋谷駅
【インターンシップ】コンサルティング IT/ソフトウェア,IBIS Data株式会社,港区 六本木駅
【日本版Kaggleを創る】学生長期インターン/データアナリスト,Nishika(ニシカ) - Nishika株式会社,港区 三田駅
【日本版Kaggleを創る】学生長期インターン/AIエンジニア,Nishika(ニシカ) - Nishika株式会社,港区 田町駅
上場損害保険グループでデータ利活用に関する各種プロジェクトに携わる【データサイエンティスト】,エイクエント,新宿区 新宿駅
新着データを元に事業を動かすデータアナリスト,マスターキー株式会社,渋谷区 渋谷
【日本版Kaggleを創る】学生長期インターン/データアナリスト,Nishika(ニシカ) - Nishika株式会社,港区 三田駅
【日本版Kaggleを創る】学生長期インターン/AIエンジニア,Nishika(ニシカ) - Nishika株式会社,港区 田町駅
上場損害保険グループでデータ利活用に関する各種プロジェクトに携わる【データサイエンティスト】,エイクエント,新宿区 新宿駅
新着データを元に事業を動かすデータアナリスト,マスターキー株式会社,渋谷区 渋谷
データサイエンティスト(カイポケ/データ活用),株式会社エフ・グッド,港区 芝公園
分析エンジニア,TheROOMDoor株式会社,港区 六本木
データサイエンティスト(広告事業).,Supership株式会社,港区
【日本版Kaggleを創る】正社員/データサイエンティスト(ジュニア),Nishika(ニシカ) - Nishika株式会社,港区 三田駅
"新着[法人営業, マーケティング, リサーチャー・データサイエンティスト, 営業・マーケティングコンサルタント]",株式会社sizebook,港区 芝浦
データサイエンティスト,SBヒューマンキャピタル株式会社,港区 六本木
【日本版Kaggleを創る】正社員/データサイエンティスト(シニア),Nishika(ニシカ) - Nishika株式会社,港区 田町駅
新着データサイエンティスト(Digital Innovation本部 Data Science課),アデコグループ,千代田区 霞ケ関駅
データサイエンティスト・データアナリスト 正社員 データサイエンティスト 経験者募集 月収30万以上,株式会社ハイデックス,渋谷区 渋谷駅
新規事業データサイエンティスト/レバテックダイレクト,レバレジーズ株式会社,渋谷区 渋谷
データサイエンティスト,株式会社インター・ビュー,渋谷区その他の勤務地(2)
新卒採用 データサイエンティスト,チームラボ株式会社,千代田区 神田小川町
国内最大級の量の自社データ保有!/KDDI×電通グループ,Supershipグループ,港区 虎ノ門
データビジネスにおけるデータサイエンティスト/データアナリスト(東芝データ出向),株式会社東芝,港区 芝浦
新着[リサーチャー・データサイエンティスト],株式会社フルスピード,渋谷区 円山町
データアナリスト・データサイエンティスト,パーソルプロセス&テクノロジー株式会社,江東区
【データサイエンティスト】 年間休日127日 残業月15時間以内 実務未経験OK・研修あり/インターネット/Webサービ...,株式会社 SAKURUG,渋谷区 渋谷
データサイエンティストマネージャー【管理職】,JCOM株式会社,千代田区 丸の内
データサイエンティスト(マーケティング/プライシング) / Data Scientist (Marketing/Pric...,株式会社MonotaRO,港区 赤坂
【障害者採用】<渋谷駅徒歩3分>データサイエンティスト,株式会社 ARISE analytics,渋谷区 渋谷
データアナリスト,株式会社アライバルクオリティー,渋谷区 恵比寿西
水環境×AIベンチャー データサイエンティスト/東京都,株式会社グレイス,新宿区 高田馬場
データエンジニア(データ分析),コグラフ株式会社,品川区 五反田駅
データサイエンティスト(製造業),TDSE株式会社,新宿区 西新宿
【DX推進室】データサイエンティスト,株式会社マスメディアン,港区
"新着[マーケティング, リサーチャー・データサイエンティスト, Webディレクター・Webプロデューサー]",株式会社ぐるなび,東京都 23区
データコンサルタント/ITコンサルティング,フロッグウェル 株式会社,港区 新橋
データサイエンティスト/シニアデータサイエンティスト...,Robert Half Japan,千代田区 大手町
Python データサイエンティスト|ビッグデータの分析,ワークスアイディ株式会社,渋谷区
パートナーセールス,AI CROSS株式会社,港区 西新橋
【Python】Pythonデータ分析 AI活用案件 【リモートOK】,非公開,千代田区 東京駅
新着ファッション領域のデータサイエンティスト‗経験者のみ,株式会社ニューロープ,渋谷区 渋谷駅
データサイエンティスト データアナリスト,株式会社ACCESS,千代田区 神田練塀町
データサイエンティスト(統計分析職),株式会社タスキ,港区 北青山
データサイエンティスト職,株式会社ティ・ティ・ワン,中央区
"新着[マーケティング, リサーチャー・データサイエンティスト, Webディレクター・Webプロデューサー]",弁護士ドットコム株式会社,港区 六本木
経験者歓迎|データサイエンティスト(データ分析、データのビジネス活用),三菱自動車工業株式会社,港区
資産運用会社でのデータサイエンティスト募集,キュースクエア・テクノロジーズ株式会社,千代田区 大手町
リサーチャー・データサイエンティスト,運営元 株式会社セフティライフ,新宿区 新宿その他の勤務地(1)
マネージャー(候補を含む)(データ分析),コグラフ株式会社,品川区 五反田駅
コンサルティングファーム データサイエンティスト(PM)/東京都,株式会社グレイス,新宿区
データサイエンティスト・アナリスト,エヌ・ティ・ティレゾナント株式会社,港区
経験者歓迎|データサイエンティスト(マーケティング/プライシング),株式会社MonotaRO,港区
データサイエンティスト・アナリスト,株式会社タクミインフォメーションテクノロジー,豊島区
"新着[データベース設計・構築, リサーチャー・データサイエンティスト]",株式会社オープンエイト,渋谷区 桜丘町
データサイエンティスト:生産設備の異常検知、製品検査(機械学習、異音検知など/東京),株式会社 アイシン,江東区 東京テレポート駅
コンサルファーム　データサイエンティスト(リモートワーク)/東京・大阪,株式会社グレイス,千代田区
【日本版Kaggleを創る】アルバイト/データサイエンティスト,Nishika(ニシカ) - Nishika株式会社,港区 芝浦ふ頭駅
"新着[リサーチャー・データサイエンティスト, マーケティング, Webディレクター・Webプロデューサー]",株式会社アラテ,大田区 大森駅
"新着[PL・PM(オープンweb系), マーケティング, 経営企画・事業企画, リサーチャー・データサイエンティスト]",ファインディ株式会社(Findy Inc),品川区 大崎広小路駅
業務委託/【Python】ビックデータを用いたデータ分析 の求人・案件,ポート株式会社,港区 六本木駅
機械学習エンジニア/インターネット/Webサービス・ASP,サグリ 株式会社,新宿区 西新宿
SEMスペシャリスト / SEM Specialist,株式会社MonotaRO,港区 赤坂
バイオインフォマティクス・スぺシャリスト,株式会社メタジェン,目黒区
データサイエンティスト,株式会社ORENDA,港区 北青山
データアナリスト,Supershipグループ,港区 虎ノ門
データサイエンティスト(シニアレベル:PJリーダー相当),株式会社エフ・グッド,品川区 目黒駅
"新着[マーケティング, リサーチャー・データサイエンティスト, Webディレクター・Webプロデューサー]",株式会社ベーシック,千代田区 一番町
Rtoasterの開発エンジニア(データ基盤),株式会社ブレインパッド,港区 白金台
データサイエンティスト・データアナリスト 正社員 データサイエンティスト 経験者募集 月収30万以上,株式会社ハイデックス,渋谷区 渋谷駅
楽天技術研究所:ランゲージプログラム シニアリサーチサイエンティスト,楽天グループ株式会社,世田谷区 玉川
